{"cameraMode":{"drawMode":0,"name":"Shaded","section":"Shading Mode"},"sceneLighting":false,"audioPlay":false,"sceneViewState":{"showFog":true,"showMaterialUpdate":false,"showSkybox":false,"showFlares":true,"showImageEffects":true,"showParticleSystems":true},"in2DMode":false,"pivot":{"x":-6.607247352600098,"y":5.449999809265137,"z":3.009999990463257},"rotation":{"x":0.008982115425169468,"y":0.06595046818256378,"z":-0.0005738294566981494,"w":0.9978039264678955},"size":7.015442371368408,"orthographic":false}