{"cameraMode":{"drawMode":0,"name":"Shaded","section":"Shading Mode"},"sceneLighting":false,"audioPlay":false,"sceneViewState":{"showFog":true,"showMaterialUpdate":false,"showSkybox":false,"showFlares":true,"showImageEffects":true,"showParticleSystems":true},"in2DMode":false,"pivot":{"x":-8.102113723754883,"y":1.8423802852630616,"z":-0.022165950387716295},"rotation":{"x":-0.106000155210495,"y":0.29710665345191958,"z":-0.03320919722318649,"w":-0.9483668804168701},"size":0.7457811236381531,"orthographic":false}