{"cameraMode":{"drawMode":0,"name":"Shaded","section":"Shading Mode"},"sceneLighting":false,"audioPlay":false,"sceneViewState":{"showFog":true,"showMaterialUpdate":false,"showSkybox":false,"showFlares":true,"showImageEffects":true,"showParticleSystems":true},"in2DMode":false,"pivot":{"x":-4.999791622161865,"y":4.944672584533691,"z":4.543068885803223},"rotation":{"x":-0.03480319306254387,"y":0.000595901976339519,"z":-0.00004416219599079341,"w":-0.9994196891784668},"size":0.4237237572669983,"orthographic":false}