{"cameraMode":{"drawMode":0,"name":"Shaded","section":"Shading Mode"},"sceneLighting":false,"audioPlay":false,"sceneViewState":{"showFog":true,"showMaterialUpdate":false,"showSkybox":false,"showFlares":true,"showImageEffects":true,"showParticleSystems":true},"in2DMode":false,"pivot":{"x":-8.114128112792969,"y":1.8302677869796754,"z":-0.44372183084487917},"rotation":{"x":-0.09335067123174668,"y":-0.16588155925273896,"z":0.015749583020806314,"w":-0.9816226363182068},"size":1.1959185600280762,"orthographic":false}