{"cameraMode":{"drawMode":0,"name":"Shaded","section":"Shading Mode"},"sceneLighting":true,"audioPlay":false,"sceneViewState":{"showFog":true,"showMaterialUpdate":false,"showSkybox":false,"showFlares":true,"showImageEffects":true,"showParticleSystems":true},"in2DMode":false,"pivot":{"x":-0.4209335148334503,"y":-0.07946468889713288,"z":0.2866504192352295},"rotation":{"x":0.0001732952950987965,"y":0.999809205532074,"z":-0.01649870164692402,"w":0.010498348623514176},"size":3.029195785522461,"orthographic":false}