{"cameraMode":{"drawMode":0,"name":"Shaded","section":"Shading Mode"},"sceneLighting":true,"audioPlay":false,"sceneViewState":{"showFog":true,"showMaterialUpdate":false,"showSkybox":false,"showFlares":true,"showImageEffects":true,"showParticleSystems":true},"in2DMode":false,"pivot":{"x":88.77100372314453,"y":9.209186553955079,"z":44.6992073059082},"rotation":{"x":0.010552707128226757,"y":0.9859477281570435,"z":-0.1520380973815918,"w":0.0684322640299797},"size":1.2297550439834595,"orthographic":false}